<?xml version="1.0" encoding="UTF-8"?>
<Styles>
    <Style ID="D546E590-C6F7-4AFF-83AD-22986D4E8995" Name="Centered Text" Shortcut="1" Type="Para">
        <Format><![CDATA[{\rtf1\ansi\ansicpg1252\uc1\deff0
{\fonttbl{\f0\fnil\fcharset0\fprq2 SegoeUI;}{\f1\fnil\fcharset0\fprq2 Calibri;}}
{\colortbl;\red0\green0\blue0;\red255\green255\blue255;\red128\green128\blue128;}
\paperw12240\paperh15840\margl1800\margr1800\margt1440\margb1440\fet2\ftnbj\aenddoc
\pgnrestart\pgnstarts0
\pard\plain \tx360\tx720\tx1080\tx1440\tx1800\tx2160\tx2880\tx3600\tx4320\sl262\slmult1\qc\ltrch\loch {\f1\fs26\b0\i0 Attributes}}]]></Format>
    </Style>
    <Style ID="C437C912-D74C-4BFB-9DEA-7F0639AF9920" Name="Block Quote" Shortcut="2" Type="Para" FontChange="Size">
        <Format><![CDATA[{\rtf1\ansi\ansicpg1252\uc1\deff0
{\fonttbl{\f0\fnil\fcharset0\fprq2 SegoeUI;}{\f1\fnil\fcharset0\fprq2 ArialMT;}}
{\colortbl;\red0\green0\blue0;\red255\green255\blue255;\red128\green128\blue128;}
\paperw12240\paperh15840\margl1800\margr1800\margt1440\margb1440\fet2\ftnbj\aenddoc
\pgnrestart\pgnstarts0
\pard\plain \tx720\tx1080\tx1440\li720\sa240\sb240\sl262\slmult1\ltrch\loch {\f1\fs24\b0\i0 Attributes}}]]></Format>
    </Style>
    <Style ID="DCBD9288-14BD-4FDC-A4DA-16F35C8A7015" Name="Code Block" Next="DCBD9288-14BD-4FDC-A4DA-16F35C8A7015" Type="Para+Char" FontChange="Face+Size">
        <Format><![CDATA[{\rtf1\ansi\ansicpg1252\uc1\deff0
{\fonttbl{\f0\fnil\fcharset0\fprq2 SegoeUI;}{\f1\fnil\fcharset0\fprq2 Consolas;}}
{\colortbl;\red0\green0\blue0;\red255\green255\blue255;\red128\green128\blue128;}
\paperw12240\paperh15840\margl1800\margr1800\margt1440\margb1440\fet2\ftnbj\aenddoc
\pgnrestart\pgnstarts0
\pard\plain \tx720\tx1080\tx1440\tx1800\tx2160\li720\ltrch\loch {\f1\fs22\b0\i0 Attributes}}]]></Format>
    </Style>
    <Style ID="CE176CEA-8066-48F7-B4FB-012655E35D7A" Name="Code Span" Type="Char" FontChange="Face+Size">
        <Format><![CDATA[{\rtf1\ansi\ansicpg1252\uc1\deff0
{\fonttbl{\f0\fnil\fcharset0\fprq2 SegoeUI;}{\f1\fnil\fcharset0\fprq2 Consolas;}}
{\colortbl;\red0\green0\blue0;\red255\green255\blue255;\red128\green128\blue128;}
\paperw12240\paperh15840\margl1800\margr1800\margt1440\margb1440\fet2\ftnbj\aenddoc
\pgnrestart\pgnstarts0
\pard\plain \tx0\tx360\tx720\tx1080\tx1440\tx1800\tx2160\tx2880\tx3600\tx4320\fi720\ltrch\loch {\f1\fs22\b0\i0 Attributes}}]]></Format>
    </Style>
    <Style ID="EAB3116A-73B2-4B80-AF5F-8CF46B5302E4" Name="Caption" Shortcut="3" Type="Para" FontChange="Size">
        <Format><![CDATA[{\rtf1\ansi\ansicpg1252\uc1\deff0
{\fonttbl{\f0\fnil\fcharset0\fprq2 SegoeUI;}{\f1\fnil\fcharset0\fprq2 ArialMT;}}
{\colortbl;\red0\green0\blue0;\red255\green255\blue255;\red128\green128\blue128;}
\paperw12240\paperh15840\margl1800\margr1800\margt1440\margb1440\fet2\ftnbj\aenddoc
\pgnrestart\pgnstarts0
\pard\plain \tx560\tx1120\tx1680\tx2240\tx2800\tx3360\tx3920\tx4480\tx5040\tx5600\tx6160\tx6720\sa160\sl262\slmult1\qc\ltrch\loch {\f1\fs26\b0\i0 Attributes}}]]></Format>
    </Style>
    <Style ID="44C11FCC-A8E6-4C11-B362-793A8A964F3B" Name="Emphasis" Type="Char">
        <Format><![CDATA[{\rtf1\ansi\ansicpg1252\uc1\deff0
{\fonttbl{\f0\fnil\fcharset0\fprq2 SegoeUI;}{\f1\fnil\fcharset0\fprq2 Calibri-Italic;}}
{\colortbl;\red0\green0\blue0;\red255\green255\blue255;\red128\green128\blue128;}
\paperw12240\paperh15840\margl1800\margr1800\margt1440\margb1440\fet2\ftnbj\aenddoc
\pgnrestart\pgnstarts0
\pard\plain \tx0\tx360\tx720\tx1080\tx1440\tx1800\tx2160\tx2880\tx3600\tx4320\fi720\ltrch\loch {\f1\fs24\b0\i1 Attributes}}]]></Format>
    </Style>
    <Style ID="D3340DF0-1B97-482D-9408-B233DCAFD701" Name="Comment" Box="0.990005 0.957824 0.841505" Type="Para+Char" FontChange="Face+Size">
        <Format><![CDATA[{\rtf1\ansi\ansicpg1252\uc1\deff0
{\fonttbl{\f0\fnil\fcharset0\fprq2 SegoeUI;}{\f1\fnil\fcharset0\fprq2 Calibri-Italic;}}
{\colortbl;\red0\green0\blue0;\red255\green255\blue255;\red128\green128\blue128;\red255\green250\blue145;}
\paperw12240\paperh15840\margl1800\margr1800\margt1440\margb1440\fet2\ftnbj\aenddoc
\pgnrestart\pgnstarts0
\pard\plain \tx0\tx360\tx720\tx1080\tx1440\tx1800\tx2160\tx2880\tx3600\tx4320\fi360\sl262\slmult1\ltrch\loch {\f1\fs26\b0\i1\cf1\cb4\highlight4 Attributes}}]]></Format>
    </Style>
    <Style ID="61F3F54F-1868-4A44-8816-3E9DD3042D31" Name="Aside" Type="Para+Char" FontChange="Face+Size">
        <Format><![CDATA[{\rtf1\ansi\ansicpg1252\uc1\deff0
{\fonttbl{\f0\fnil\fcharset0\fprq2 SegoeUI;}{\f1\fnil\fcharset0\fprq2 Calibri;}}
{\colortbl;\red0\green0\blue0;\red255\green255\blue255;\red128\green128\blue128;\red0\green149\blue223;}
\paperw12240\paperh15840\margl1800\margr1800\margt1440\margb1440\fet2\ftnbj\aenddoc
\pgnrestart\pgnstarts0
\pard\plain \tx720\tx1080\tx1440\li720\sa240\sb240\sl262\slmult1\ltrch\loch {\f1\fs24\b0\i0\cf4 Attributes}}]]></Format>
    </Style>
    <Style ID="59D0C8C5-875D-4062-A0CF-8C670DE906A2" Name="Blurb" Type="Para+Char" FontChange="Face+Size">
        <Format><![CDATA[{\rtf1\ansi\ansicpg1252\uc1\deff0
{\fonttbl{\f0\fnil\fcharset0\fprq2 SegoeUI;}{\f1\fnil\fcharset0\fprq2 Calibri;}}
{\colortbl;\red0\green0\blue0;\red255\green255\blue255;\red128\green128\blue128;\red56\green164\blue1;}
\paperw12240\paperh15840\margl1800\margr1800\margt1440\margb1440\fet2\ftnbj\aenddoc
\pgnrestart\pgnstarts0
\pard\plain \tx720\tx1080\tx1440\li720\sa240\sb240\sl262\slmult1\ltrch\loch {\f1\fs24\b0\i0\cf4 Attributes}}]]></Format>
    </Style>
    <Style ID="F4759F47-EC8B-45A9-B3A1-A7F51072CC6F" Name="TODO" Box="0.893477 0.990005 0.841505" Type="Char" FontChange="Face+Size">
        <Format><![CDATA[{\rtf1\ansi\ansicpg1252\uc1\deff0
{\fonttbl{\f0\fnil\fcharset0\fprq2 SegoeUI;}{\f1\fnil\fcharset0\fprq2 Calibri;}}
{\colortbl;\red0\green0\blue0;\red255\green255\blue255;\red128\green128\blue128;}
\paperw12240\paperh15840\margl1800\margr1800\margt1440\margb1440\fet2\ftnbj\aenddoc
\pgnrestart\pgnstarts0
\pard\plain \tx0\tx360\tx720\tx1080\tx1440\tx1800\tx2160\tx2880\tx3600\tx4320\fi360\sl262\slmult1\ltrch\loch {\f1\fs26\b0\i0\cf1 Attributes}}]]></Format>
    </Style>
    <Style ID="17AEF2F8-3B3D-4124-9FD4-7F85BC3A8A4B" Name="Math" Type="Char" FontChange="Face+Size">
        <Format><![CDATA[{\rtf1\ansi\ansicpg1252\uc1\deff0
{\fonttbl{\f0\fnil\fcharset0\fprq2 SegoeUI;}{\f1\fnil\fcharset0\fprq2 Calibri;}}
{\colortbl;\red0\green0\blue0;\red255\green255\blue255;\red128\green128\blue128;\red255\green171\blue186;}
\paperw12240\paperh15840\margl1800\margr1800\margt1440\margb1440\fet2\ftnbj\aenddoc
\pgnrestart\pgnstarts0
\pard\plain \tx0\tx360\tx720\tx1080\tx1440\tx1800\tx2160\tx2880\tx3600\tx4320\fi360\sl262\slmult1\ltrch\loch {\f1\fs26\b0\i0\cf1\cb4\highlight4 Attributes}}]]></Format>
    </Style>
    <Style ID="7CC04F74-B03F-49F9-B92A-D5ED8ECF1147" Name="[scriv4lean] List of Figures" Type="Para+Char" FontChange="Face+Size">
        <Format><![CDATA[{\rtf1\ansi\ansicpg1252\uc1\deff0
{\fonttbl{\f0\fnil\fcharset0\fprq2 SegoeUI;}{\f1\fnil\fcharset0\fprq2 Calibri;}}
{\colortbl;\red0\green0\blue0;\red255\green255\blue255;\red128\green128\blue128;\red189\green244\blue155;}
\paperw12240\paperh15840\margl1800\margr1800\margt1440\margb1440\fet2\ftnbj\aenddoc
\pgnrestart\pgnstarts0
\pard\plain \tx0\tx360\tx720\tx1080\tx1440\tx1800\tx2160\tx2880\tx3600\tx4320\fi360\sl262\slmult1\ltrch\loch {\f1\fs26\b0\i0\cf1\cb4\highlight4 Attributes}}]]></Format>
    </Style>
    <Style ID="B36EC6B2-263A-45F1-815E-DE3851EFFBF9" Name="[scriv4lean] Bibliography" Type="Para+Char" FontChange="Face+Size">
        <Format><![CDATA[{\rtf1\ansi\ansicpg1252\uc1\deff0
{\fonttbl{\f0\fnil\fcharset0\fprq2 SegoeUI;}{\f1\fnil\fcharset0\fprq2 Calibri;}}
{\colortbl;\red0\green0\blue0;\red255\green255\blue255;\red128\green128\blue128;\red255\green250\blue145;}
\paperw12240\paperh15840\margl1800\margr1800\margt1440\margb1440\fet2\ftnbj\aenddoc
\pgnrestart\pgnstarts0
\pard\plain \tx0\tx360\tx720\tx1080\tx1440\tx1800\tx2160\tx2880\tx3600\tx4320\fi360\sl262\slmult1\ltrch\loch {\f1\fs26\b0\i0\cf1\cb4\highlight4 Attributes}}]]></Format>
    </Style>
    <Style ID="743D0A83-A85E-45FD-BEEA-3102099327BA" Name="Table Caption" Type="Para+Char" FontChange="Face+Size">
        <Format><![CDATA[{\rtf1\ansi\ansicpg1252\uc1\deff0
{\fonttbl{\f0\fnil\fcharset0\fprq2 SegoeUI;}{\f1\fnil\fcharset0\fprq2 Calibri;}}
{\colortbl;\red0\green0\blue0;\red255\green255\blue255;\red128\green128\blue128;}
\paperw12240\paperh15840\margl1800\margr1800\margt1440\margb1440\fet2\ftnbj\aenddoc
\pgnrestart\pgnstarts0
\pard\plain \tx560\tx1120\tx1680\tx2240\tx2800\tx3360\tx3920\tx4480\tx5040\tx5600\tx6160\tx6720\sa160\sl262\slmult1\qc\ltrch\loch {\f1\fs26\b0\i0 Attributes}}]]></Format>
    </Style>
    <Style ID="13FFCB1F-F584-4AA8-AA8C-189B22A5839C" Name="[scriv4lean] List of Tables" Type="Para+Char" FontChange="Face+Size">
        <Format><![CDATA[{\rtf1\ansi\ansicpg1252\uc1\deff0
{\fonttbl{\f0\fnil\fcharset0\fprq2 SegoeUI;}{\f1\fnil\fcharset0\fprq2 Calibri;}}
{\colortbl;\red0\green0\blue0;\red255\green255\blue255;\red128\green128\blue128;\red189\green244\blue155;}
\paperw12240\paperh15840\margl1800\margr1800\margt1440\margb1440\fet2\ftnbj\aenddoc
\pgnrestart\pgnstarts0
\pard\plain \tx0\tx360\tx720\tx1080\tx1440\tx1800\tx2160\tx2880\tx3600\tx4320\fi360\sl262\slmult1\ltrch\loch {\f1\fs26\b0\i0\cf1\cb4\highlight4 Attributes}}]]></Format>
    </Style>
    <Style ID="B6568882-0B2A-4E65-8823-D7801F101966" Name="Poetry" Type="Para+Char" FontChange="Face+Size">
        <Format><![CDATA[{\rtf1\ansi\ansicpg1252\uc1\deff0
{\fonttbl{\f0\fnil\fcharset0\fprq2 SegoeUI;}{\f1\fnil\fcharset0\fprq2 Calibri;}}
{\colortbl;\red0\green0\blue0;\red255\green255\blue255;\red128\green128\blue128;\red0\green130\blue130;}
\paperw12240\paperh15840\margl1800\margr1800\margt1440\margb1440\fet2\ftnbj\aenddoc
\pgnrestart\pgnstarts0
\pard\plain \tx720\tx1080\tx1440\li720\sa240\sb240\sl262\slmult1\ltrch\loch {\f1\fs24\b0\i0\cf4 Attributes}}]]></Format>
    </Style>
    <Style ID="DBB7F8D4-6518-4ACC-A469-40BAEF20086A" Name="Embolden" Type="Char">
        <Format><![CDATA[{\rtf1\ansi\ansicpg1252\uc1\deff0
{\fonttbl{\f0\fnil\fcharset0\fprq2 SegoeUI;}{\f1\fnil\fcharset0\fprq2 Calibri-Bold;}}
{\colortbl;\red0\green0\blue0;\red255\green255\blue255;\red128\green128\blue128;}
\paperw12240\paperh15840\margl1800\margr1800\margt1440\margb1440\fet2\ftnbj\aenddoc
\pgnrestart\pgnstarts0
\pard\plain \tx240\tx720\li720\fi-720\sl262\slmult1\ltrch\loch {\f1\fs26\b1\i0 Attributes}}]]></Format>
    </Style>
    <Style ID="E63C3D6E-DFB2-49F7-8276-8BE292246861" Name="Text Block" Type="Para+Char" FontChange="Face+Size">
        <Format><![CDATA[{\rtf1\ansi\ansicpg1252\uc1\deff0
{\fonttbl{\f0\fnil\fcharset0\fprq2 SegoeUI;}{\f1\fnil\fcharset0\fprq2 Consolas;}}
{\colortbl;\red0\green0\blue0;\red255\green255\blue255;\red128\green128\blue128;}
\paperw12240\paperh15840\margl1800\margr1800\margt1440\margb1440\fet2\ftnbj\aenddoc
\pgnrestart\pgnstarts0
\pard\plain \tx720\tx1080\tx1440\tx1800\tx2160\li720\ltrch\loch {\f1\fs22\b0\i0 Attributes}}]]></Format>
    </Style>
    <Style ID="464676D5-1C61-40D7-8792-074F3E868B8B" Name="Console Block" Type="Para+Char" FontChange="Face+Size">
        <Format><![CDATA[{\rtf1\ansi\ansicpg1252\uc1\deff0
{\fonttbl{\f0\fnil\fcharset0\fprq2 SegoeUI;}{\f1\fnil\fcharset0\fprq2 Consolas;}}
{\colortbl;\red0\green0\blue0;\red255\green255\blue255;\red128\green128\blue128;}
\paperw12240\paperh15840\margl1800\margr1800\margt1440\margb1440\fet2\ftnbj\aenddoc
\pgnrestart\pgnstarts0
\pard\plain \tx720\tx1080\tx1440\tx1800\tx2160\li720\ltrch\loch {\f1\fs22\b0\i0 Attributes}}]]></Format>
    </Style>
    <Style ID="FD6294E7-0F4F-4BAB-85C9-1710DC35B37F" Name="Footnote" Box="0.666667 1.000000 0.498039" Type="Char">
        <Format><![CDATA[{\rtf1\ansi\ansicpg1252\uc1\deff0
{\fonttbl{\f0\fnil\fcharset0\fprq2 SegoeUI;}{\f1\fnil\fcharset0\fprq2 Calibri;}}
{\colortbl;\red0\green0\blue0;\red255\green255\blue255;\red128\green128\blue128;}
\paperw12240\paperh15840\margl1800\margr1800\margt1440\margb1440\fet2\ftnbj\aenddoc
\pgnrestart\pgnstarts0
\pard\plain \tx0\tx360\tx720\tx1080\tx1440\tx1800\tx2160\tx2880\tx3600\tx4320\fi360\sl262\slmult1\ltrch\loch {\f1\fs26\b0\i0 Attributes}}]]></Format>
    </Style>
    <Style ID="24A1C4F3-4B12-4E91-8D7C-2EBD1F4E0BAC" Name="Endnote" Box="0.666667 1.000000 1.000000" Type="Char">
        <Format><![CDATA[{\rtf1\ansi\ansicpg1252\uc1\deff0
{\fonttbl{\f0\fnil\fcharset0\fprq2 SegoeUI;}{\f1\fnil\fcharset0\fprq2 Calibri;}}
{\colortbl;\red0\green0\blue0;\red255\green255\blue255;\red128\green128\blue128;}
\paperw12240\paperh15840\margl1800\margr1800\margt1440\margb1440\fet2\ftnbj\aenddoc
\pgnrestart\pgnstarts0
\pard\plain \tx0\tx360\tx720\tx1080\tx1440\tx1800\tx2160\tx2880\tx3600\tx4320\fi360\sl262\slmult1\ltrch\loch {\f1\fs26\b0\i0 Attributes}}]]></Format>
    </Style>
    <Style ID="92970116-AC37-40F8-9021-84F24525B9FE" Name="Script Caption" Type="Para+Char" FontChange="Face+Size">
        <Format><![CDATA[{\rtf1\ansi\ansicpg1252\uc1\deff0
{\fonttbl{\f0\fnil\fcharset0\fprq2 SegoeUI;}{\f1\fnil\fcharset0\fprq2 Calibri;}}
{\colortbl;\red0\green0\blue0;\red255\green255\blue255;\red128\green128\blue128;}
\paperw12240\paperh15840\margl1800\margr1800\margt1440\margb1440\fet2\ftnbj\aenddoc
\pgnrestart\pgnstarts0
\pard\plain \tx560\tx1120\tx1680\tx2240\tx2800\tx3360\tx3920\tx4480\tx5040\tx5600\tx6160\tx6720\sa160\sl262\slmult1\qc\ltrch\loch {\f1\fs26\b0\i0 Attributes}}]]></Format>
    </Style>
    <Style ID="455DD8F2-B48D-404A-B891-949BD4FC8186" Name="[scriv4lean] List of Scripts" Type="Para+Char" FontChange="Face+Size">
        <Format><![CDATA[{\rtf1\ansi\ansicpg1252\uc1\deff0
{\fonttbl{\f0\fnil\fcharset0\fprq2 SegoeUI;}{\f1\fnil\fcharset0\fprq2 Calibri;}}
{\colortbl;\red0\green0\blue0;\red255\green255\blue255;\red128\green128\blue128;\red189\green244\blue155;}
\paperw12240\paperh15840\margl1800\margr1800\margt1440\margb1440\fet2\ftnbj\aenddoc
\pgnrestart\pgnstarts0
\pard\plain \tx0\tx360\tx720\tx1080\tx1440\tx1800\tx2160\tx2880\tx3600\tx4320\fi360\sl262\slmult1\ltrch\loch {\f1\fs26\b0\i0\cb4\highlight4 Attributes}}]]></Format>
    </Style>
    <Style ID="7FD896ED-41BB-4159-B861-CE4102AF2A4F" Name="Markua:I" Type="Char">
        <Format><![CDATA[{\rtf1\ansi\ansicpg1252\uc1\deff0
{\fonttbl{\f0\fnil\fcharset0\fprq2 SegoeUI;}{\f1\fnil\fcharset0\fprq2 Calibri-Italic;}}
{\colortbl;\red0\green0\blue0;\red255\green255\blue255;\red128\green128\blue128;}
\paperw12240\paperh15840\margl1800\margr1800\margt1440\margb1440\fet2\ftnbj\aenddoc
\pgnrestart\pgnstarts0
\pard\plain \tx0\tx360\tx720\tx1080\tx1440\tx1800\tx2160\tx2880\tx3600\tx4320\fi360\sl262\slmult1\ltrch\loch {\f1\fs26\b0\i1 Attributes}}]]></Format>
    </Style>
    <Style ID="3A2C5203-0CF7-4703-A138-BE5A4BEAE83F" Name="Markua:B" Type="Char">
        <Format><![CDATA[{\rtf1\ansi\ansicpg1252\uc1\deff0
{\fonttbl{\f0\fnil\fcharset0\fprq2 SegoeUI;}{\f1\fnil\fcharset0\fprq2 Calibri-Bold;}}
{\colortbl;\red0\green0\blue0;\red255\green255\blue255;\red128\green128\blue128;}
\paperw12240\paperh15840\margl1800\margr1800\margt1440\margb1440\fet2\ftnbj\aenddoc
\pgnrestart\pgnstarts0
\pard\plain \tx0\tx360\tx720\tx1080\tx1440\tx1800\tx2160\tx2880\tx3600\tx4320\fi360\sl262\slmult1\ltrch\loch {\f1\fs26\b1\i0 Attributes}}]]></Format>
    </Style>
    <Style ID="60F1B1C6-3E2C-436F-A495-1B0FE5E83765" Name="Markua:U" Type="Char">
        <Format><![CDATA[{\rtf1\ansi\ansicpg1252\uc1\deff0
{\fonttbl{\f0\fnil\fcharset0\fprq2 SegoeUI;}{\f1\fnil\fcharset0\fprq2 Calibri;}}
{\colortbl;\red0\green0\blue0;\red255\green255\blue255;\red128\green128\blue128;}
\paperw12240\paperh15840\margl1800\margr1800\margt1440\margb1440\fet2\ftnbj\aenddoc
\pgnrestart\pgnstarts0
\pard\plain \tx0\tx360\tx720\tx1080\tx1440\tx1800\tx2160\tx2880\tx3600\tx4320\fi360\sl262\slmult1\ltrch\loch {\f1\fs26\b0\i0\ul\ulc0 Attributes}}]]></Format>
    </Style>
    <Style ID="30A10A38-E61A-402F-8E63-6DC683D3EDD7" Name="Markua:BI" Type="Char">
        <Format><![CDATA[{\rtf1\ansi\ansicpg1252\uc1\deff0
{\fonttbl{\f0\fnil\fcharset0\fprq2 SegoeUI;}{\f1\fnil\fcharset0\fprq2 Calibri-BoldItalic;}}
{\colortbl;\red0\green0\blue0;\red255\green255\blue255;\red128\green128\blue128;}
\paperw12240\paperh15840\margl1800\margr1800\margt1440\margb1440\fet2\ftnbj\aenddoc
\pgnrestart\pgnstarts0
\pard\plain \tx0\tx360\tx720\tx1080\tx1440\tx1800\tx2160\tx2880\tx3600\tx4320\fi360\sl262\slmult1\ltrch\loch {\f1\fs26\b1\i1 Attributes}}]]></Format>
    </Style>
    <Style ID="F7FEFA8F-9BDB-4777-BAC3-AC1D1780EC69" Name="Markua:BU" Type="Char">
        <Format><![CDATA[{\rtf1\ansi\ansicpg1252\uc1\deff0
{\fonttbl{\f0\fnil\fcharset0\fprq2 SegoeUI;}{\f1\fnil\fcharset0\fprq2 Calibri-Bold;}}
{\colortbl;\red0\green0\blue0;\red255\green255\blue255;\red128\green128\blue128;}
\paperw12240\paperh15840\margl1800\margr1800\margt1440\margb1440\fet2\ftnbj\aenddoc
\pgnrestart\pgnstarts0
\pard\plain \tx0\tx360\tx720\tx1080\tx1440\tx1800\tx2160\tx2880\tx3600\tx4320\fi360\sl262\slmult1\ltrch\loch {\f1\fs26\b1\i0\ul\ulc0 Attributes}}]]></Format>
    </Style>
    <Style ID="8613ED15-662B-48AF-A9C7-16921267F562" Name="Markua:BIU" Type="Char">
        <Format><![CDATA[{\rtf1\ansi\ansicpg1252\uc1\deff0
{\fonttbl{\f0\fnil\fcharset0\fprq2 SegoeUI;}{\f1\fnil\fcharset0\fprq2 Calibri-BoldItalic;}}
{\colortbl;\red0\green0\blue0;\red255\green255\blue255;\red128\green128\blue128;}
\paperw12240\paperh15840\margl1800\margr1800\margt1440\margb1440\fet2\ftnbj\aenddoc
\pgnrestart\pgnstarts0
\pard\plain \tx0\tx360\tx720\tx1080\tx1440\tx1800\tx2160\tx2880\tx3600\tx4320\fi360\sl262\slmult1\ltrch\loch {\f1\fs26\b1\i1\ul\ulc0 Attributes}}]]></Format>
    </Style>
    <Style ID="D7AF55C1-A377-4D5C-A971-574E88B2D8CC" Name="Markua:ST" Type="Char">
        <Format><![CDATA[{\rtf1\ansi\ansicpg1252\uc1\deff0
{\fonttbl{\f0\fnil\fcharset0\fprq2 SegoeUI;}{\f1\fnil\fcharset0\fprq2 Calibri;}}
{\colortbl;\red0\green0\blue0;\red255\green255\blue255;\red128\green128\blue128;}
\paperw12240\paperh15840\margl1800\margr1800\margt1440\margb1440\fet2\ftnbj\aenddoc
\pgnrestart\pgnstarts0
\pard\plain \tx0\tx360\tx720\tx1080\tx1440\tx1800\tx2160\tx2880\tx3600\tx4320\fi360\sl262\slmult1\ltrch\loch {\f1\fs26\b0\i0\strike\strikec0 Attributes}}]]></Format>
    </Style>
    <Style ID="D33DA3B2-1541-410C-BD53-FB736D69455B" Name="Markua:Sup" Box="0.831373 0.835294 1.000000" Type="Char">
        <Format><![CDATA[{\rtf1\ansi\ansicpg1252\uc1\deff0
{\fonttbl{\f0\fnil\fcharset0\fprq2 SegoeUI;}{\f1\fnil\fcharset0\fprq2 Calibri;}}
{\colortbl;\red0\green0\blue0;\red255\green255\blue255;\red128\green128\blue128;}
\paperw12240\paperh15840\margl1800\margr1800\margt1440\margb1440\fet2\ftnbj\aenddoc
\pgnrestart\pgnstarts0
\pard\plain \tx0\tx360\tx720\tx1080\tx1440\tx1800\tx2160\tx2880\tx3600\tx4320\fi360\sl262\slmult1\ltrch\loch {\f1\fs26\b0\i0 Attributes}}]]></Format>
    </Style>
    <Style ID="737BFDBB-423D-44A4-9586-264FCB934557" Name="Markua:Sub" Box="0.988235 0.843137 1.000000" Type="Char">
        <Format><![CDATA[{\rtf1\ansi\ansicpg1252\uc1\deff0
{\fonttbl{\f0\fnil\fcharset0\fprq2 SegoeUI;}{\f1\fnil\fcharset0\fprq2 Calibri;}}
{\colortbl;\red0\green0\blue0;\red255\green255\blue255;\red128\green128\blue128;}
\paperw12240\paperh15840\margl1800\margr1800\margt1440\margb1440\fet2\ftnbj\aenddoc
\pgnrestart\pgnstarts0
\pard\plain \tx0\tx360\tx720\tx1080\tx1440\tx1800\tx2160\tx2880\tx3600\tx4320\fi360\sl262\slmult1\ltrch\loch {\f1\fs26\b0\i0 Attributes}}]]></Format>
    </Style>
</Styles>
