<?xml version="1.0" encoding="UTF-8" standalone="no"?>
<Snapshots Version="1.0">
  

  <Snapshot>
    
  
    <Title>Untitled Snapshot</Title>
    <Date>2019-06-18 18:38:02 +0000</Date>
  </Snapshot>
  <Snapshot>
    
  
    <Title>Untitled Snapshot</Title>
    <Date>2019-06-18 18:39:47 +0000</Date>
  </Snapshot>
  <Snapshot>
    
  
    <Title>Untitled Snapshot</Title>
    <Date>2019-06-18 18:40:34 +0000</Date>
  </Snapshot>
  <Snapshot>
    <Title>Untitled Snapshot</Title>
    <Date>2019-06-18 18:41:17 +0000</Date>
  </Snapshot>
</Snapshots>