<?xml version="1.0" encoding="UTF-8"?>
<CompileSettings>
    <ProjectSettings>
        <Content Scope="Included">
            <CompileGroup Type="BinderItem"/>
            <Filter State="Off" Exclude="No" Type="Label">
                <CollectionID></CollectionID>
                <Label>-1</Label>
                <Status>-1</Status>
            </Filter>
        </Content>
        <Options>
            <RemoveComments>Yes</RemoveComments>
            <RemoveAnnotations>Yes</RemoveAnnotations>
            <RemoveTrailingWhitespace>Yes</RemoveTrailingWhitespace>
            <ConvertTablesAndListToMMD>Yes</ConvertTablesAndListToMMD>
            <TreatPFAsRawMarkup>Yes</TreatPFAsRawMarkup>
            <Links/>
            <PDF>
                <Cover Source="" Bleed="0.0" BleedUnits="pt"></Cover>
                <Compression Enabled="No">
                    <ImageResolutionCompressionType></ImageResolutionCompressionType>
                    <ImageResolution>300</ImageResolution>
                </Compression>
            </PDF>
            <Scriptwriting>
                <IncludeTitles>Yes</IncludeTitles>
                <IncludeSynopses>Yes</IncludeSynopses>
                <CommentsAsScriptNotes>Yes</CommentsAsScriptNotes>
            </Scriptwriting>
            <Ebook>
                <StartAfterFrontMatter>Yes</StartAfterFrontMatter>
                <Cover>
                    <ImageDocument Source="FrontMatter"></ImageDocument>
                    <Title>Cover</Title>
                    <SVG Width="-1" Height="-1"><![CDATA[]]></SVG>
                </Cover>
                <TOC>
                    <HTML Generate="Yes">
                        <Title>Contents</Title>
                    </HTML>
                </TOC>
            </Ebook>
        </Options>
        <MetaData>
            <ProjectTitle>Writing the next Leanpub bestseller with Scrivener</ProjectTitle>
            <ProjectAbbreviatedTitle>Scrivener for Leanpub</ProjectAbbreviatedTitle>
            <Authors>
                <Author>&lt;$template_fullName&gt;</Author>
            </Authors>
            <EbookLanguage>en</EbookLanguage>
            <FountainTitlePageMetaData>
                <Value Key="Title"><![CDATA[<$projecttitle>]]></Value>
                <Value Key="Author"><![CDATA[<$author>]]></Value>
            </FountainTitlePageMetaData>
            <MMDMetaData>
                <Value Key="Title"><![CDATA[<$projecttitle>]]></Value>
                <Value Key="Author"><![CDATA[<$author>]]></Value>
                <Value Key="FileName"><![CDATA[]]></Value>
            </MMDMetaData>
        </MetaData>
    </ProjectSettings>
    <CurrentFileType>md</CurrentFileType>
    <FormatSettings>
        <Format ID="DEFAULT"></Format>
        <Format ID="MS-TRAD">
            <SectionLayouts>
                <Type ID="AD408B24-CEE9-4F9D-A3A0-04A58A821B2F">NEW-PAGE-HEADER</Type>
                <Type ID="D6A94A4E-A841-4FB5-984D-706AD9DCCB36">HEADER</Type>
                <Type ID="FF0017CB-E079-47BE-859A-A35DCB173D98">TEXT-WITH-HEADER</Type>
            </SectionLayouts>
        </Format>
        <Format ID="17ACB51E-BE20-4236-8D9D-F4E3A37E796B">
            <SectionLayouts>
                <Type ID="FF0017CB-E079-47BE-859A-A35DCB173D98">TEXT-WITH-HEADER</Type>
            </SectionLayouts>
        </Format>
        <Format ID="mmd-barebones">
            <SectionLayouts>
                <Type ID="1B8BB5F5-86D8-472B-9755-14828279DD7F">72A8A17D-2FF3-4C8D-8A4C-7895908E7EE5</Type>
                <Type ID="7BC0C1B5-215C-4F5D-9AB4-645AFAA3F0CD">72A8A17D-2FF3-4C8D-8A4C-7895908E7EE5</Type>
                <Type ID="DE8D2554-07A5-4036-B152-7B569E8E357B">72A8A17D-2FF3-4C8D-8A4C-7895908E7EE5</Type>
                <Type ID="F3261983-06B9-4979-9FF0-568A3E20965D">72A8A17D-2FF3-4C8D-8A4C-7895908E7EE5</Type>
                <Type ID="FF0017CB-E079-47BE-859A-A35DCB173D98">778FA2E2-F67D-4803-B183-019F8B45528B</Type>
            </SectionLayouts>
            <FrontAndBackMatter>
                <DefaultFrontMatter Add="Yes">BBC7A12A-8D72-487A-AB93-65230D60850B</DefaultFrontMatter>
                <DefaultBackMatter Add="Yes">BABFBE65-C0E5-4337-B50D-2CEB4B32E7E7</DefaultBackMatter>
            </FrontAndBackMatter>
        </Format>
        <Format ID="C0D333CC-0396-4A1E-A407-750DE9811EDD">
            <SectionLayouts>
                <Type ID="1B8BB5F5-86D8-472B-9755-14828279DD7F">TEXT-SECTION</Type>
                <Type ID="7BC0C1B5-215C-4F5D-9AB4-645AFAA3F0CD">A80667BB-1D5B-47C2-A9D9-A8F119303A88</Type>
                <Type ID="DE8D2554-07A5-4036-B152-7B569E8E357B">3BEAF315-CEE4-484F-8AAB-D5A9428535BD</Type>
                <Type ID="F3261983-06B9-4979-9FF0-568A3E20965D">992DB956-9152-4EED-8A06-A74B44844FD8</Type>
                <Type ID="FD616105-43EF-47D5-8535-8D9CE13EE81D">2861F512-197F-4D71-82D2-C068112BFBF5</Type>
                <Type ID="FF0017CB-E079-47BE-859A-A35DCB173D98">FB58424D-6FDB-4B9E-8D8E-969C083CCD32</Type>
            </SectionLayouts>
            <FrontAndBackMatter>
                <DefaultFrontMatter Add="Yes">BBC7A12A-8D72-487A-AB93-65230D60850B</DefaultFrontMatter>
                <DefaultBackMatter Add="Yes">BABFBE65-C0E5-4337-B50D-2CEB4B32E7E7</DefaultBackMatter>
            </FrontAndBackMatter>
        </Format>
        <Format ID="MS-MOD">
            <SectionLayouts>
                <Type ID="AD408B24-CEE9-4F9D-A3A0-04A58A821B2F">TEXT-WITH-HEADER</Type>
                <Type ID="FF0017CB-E079-47BE-859A-A35DCB173D98">TEXT-WITH-HEADER</Type>
            </SectionLayouts>
        </Format>
        <Format ID="pandoc-barebones">
            <SectionLayouts>
                <Type ID="7BC0C1B5-215C-4F5D-9AB4-645AFAA3F0CD">778FA2E2-F67D-4803-B183-019F8B45528B</Type>
                <Type ID="D1C8D883-53F8-476F-85AC-F7A4E3F65D77"></Type>
                <Type ID="FD616105-43EF-47D5-8535-8D9CE13EE81D">D1057067-9CF1-44C3-A4C8-34A90A393E89</Type>
                <Type ID="FF0017CB-E079-47BE-859A-A35DCB173D98">778FA2E2-F67D-4803-B183-019F8B45528B</Type>
            </SectionLayouts>
        </Format>
        <Format ID="38214975-3DBB-492F-97AC-F35EB13B779C">
            <SectionLayouts>
                <Type ID="1B8BB5F5-86D8-472B-9755-14828279DD7F">72A8A17D-2FF3-4C8D-8A4C-7895908E7EE5</Type>
                <Type ID="7BC0C1B5-215C-4F5D-9AB4-645AFAA3F0CD">778FA2E2-F67D-4803-B183-019F8B45528B</Type>
                <Type ID="DE8D2554-07A5-4036-B152-7B569E8E357B">778FA2E2-F67D-4803-B183-019F8B45528B</Type>
                <Type ID="F3261983-06B9-4979-9FF0-568A3E20965D">72A8A17D-2FF3-4C8D-8A4C-7895908E7EE5</Type>
                <Type ID="FF0017CB-E079-47BE-859A-A35DCB173D98">778FA2E2-F67D-4803-B183-019F8B45528B</Type>
            </SectionLayouts>
        </Format>
        <Format ID="E43CE8F1-D8E0-435B-AE5A-E5598D01BD7E">
            <SectionLayouts>
                <Type ID="7BC0C1B5-215C-4F5D-9AB4-645AFAA3F0CD">TEXT-WITH-HEADER</Type>
                <Type ID="DE8D2554-07A5-4036-B152-7B569E8E357B">TEXT-WITH-HEADER</Type>
                <Type ID="FF0017CB-E079-47BE-859A-A35DCB173D98">TEXT-WITH-HEADER</Type>
            </SectionLayouts>
        </Format>
        <Format ID="B8A65527-BD54-465F-A5E1-7FDB57F547FC">
            <SectionLayouts>
                <Type ID="1B8BB5F5-86D8-472B-9755-14828279DD7F">TEXT-SECTION</Type>
                <Type ID="240C0CFB-8041-4D74-8FBF-304A609FC244">16D9067B-BB6F-48A9-B4EE-1A3D42C9A6A5</Type>
                <Type ID="7BC0C1B5-215C-4F5D-9AB4-645AFAA3F0CD">A80667BB-1D5B-47C2-A9D9-A8F119303A88</Type>
                <Type ID="9D51EB8B-ADF9-48A6-8038-081D2E42D41F">102FC805-B8C9-4EB5-8FE6-691B11147997</Type>
                <Type ID="DE8D2554-07A5-4036-B152-7B569E8E357B">3BEAF315-CEE4-484F-8AAB-D5A9428535BD</Type>
                <Type ID="F3261983-06B9-4979-9FF0-568A3E20965D">992DB956-9152-4EED-8A06-A74B44844FD8</Type>
                <Type ID="FD616105-43EF-47D5-8535-8D9CE13EE81D">2861F512-197F-4D71-82D2-C068112BFBF5</Type>
                <Type ID="FF0017CB-E079-47BE-859A-A35DCB173D98">FB58424D-6FDB-4B9E-8D8E-969C083CCD32</Type>
            </SectionLayouts>
            <FrontAndBackMatter>
                <DefaultFrontMatter Add="Yes">BBC7A12A-8D72-487A-AB93-65230D60850B</DefaultFrontMatter>
                <DefaultBackMatter Add="Yes">BABFBE65-C0E5-4337-B50D-2CEB4B32E7E7</DefaultBackMatter>
            </FrontAndBackMatter>
        </Format>
    </FormatSettings>
    <LastUsedFormats>
        <md>B8A65527-BD54-465F-A5E1-7FDB57F547FC</md>
    </LastUsedFormats>
</CompileSettings>
